ATC_code,Name,Category_Level_4,Category_Level_3,Category_Level_2,Category_Level_1
A03AB06,octylonium,"Synthetic anticholinergics, quaternary ammonium compounds",DRUGS FOR FUNCTIONAL GASTROINTESTINAL DISORDERS,DRUGS FOR FUNCTIONAL GASTROINTESTINAL DISORDERS,ALIMENTARY TRACT AND METABOLISM
A03AX10,isometheptene,Other drugs for functional gastrointestinal disorders,DRUGS FOR FUNCTIONAL GASTROINTESTINAL DISORDERS,DRUGS FOR FUNCTIONAL GASTROINTESTINAL DISORDERS,ALIMENTARY TRACT AND METABOLISM
A03BA01,atropine,"Belladonna alkaloids, tertiary amines","BELLADONNA AND DERIVATIVES, PLAIN",DRUGS FOR FUNCTIONAL GASTROINTESTINAL DISORDERS,ALIMENTARY TRACT AND METABOLISM
A03BA03,hyoscyamine,"Belladonna alkaloids, tertiary amines","BELLADONNA AND DERIVATIVES, PLAIN",DRUGS FOR FUNCTIONAL GASTROINTESTINAL DISORDERS,ALIMENTARY TRACT AND METABOLISM
A03BA04,belladonna,"Belladonna alkaloids, tertiary amines","BELLADONNA AND DERIVATIVES, PLAIN",DRUGS FOR FUNCTIONAL GASTROINTESTINAL DISORDERS,ALIMENTARY TRACT AND METABOLISM
A10AD01,insulin,"Insulins and analogues for injection, intermediate- or long-acting combined with fast-acting",INSULINS AND ANALOGUES,DRUGS USED IN DIABETES,ALIMENTARY TRACT AND METABOLISM
A11GB01,ascorbic acid (vit C) and calcium,"Ascorbic acid (vitamin C), combinations","ASCORBIC ACID (VITAMIN C), INCL. COMBINATIONS",VITAMINS,ALIMENTARY TRACT AND METABOLISM
A11HA02,vitamin B6,Other plain vitamin preparations,OTHER PLAIN VITAMIN PREPARATIONS,VITAMINS,ALIMENTARY TRACT AND METABOLISM
A12CC00,magnesium,Magnesium,OTHER MINERAL SUPPLEMENTS,MINERAL SUPPLEMENTS,ALIMENTARY TRACT AND METABOLISM
A16AX01,thioctic acid,Various alimentary tract and metabolism products,OTHER ALIMENTARY TRACT AND METABOLISM PRODUCTS,OTHER ALIMENTARY TRACT AND METABOLISM PRODUCTS,ALIMENTARY TRACT AND METABOLISM
B01AC06,aspirin,Platelet aggregation inhibitors excl. heparin,ANTITHROMBOTIC AGENTS,ANTITHROMBOTIC AGENTS,BLOOD AND BLOOD FORMING ORGANS
B03BA01,vitamin B12,Vitamin B12 (cyanocobalamin and analogues),VITAMIN B12 AND FOLIC ACID,ANTIANEMIC PREPARATIONS,BLOOD AND BLOOD FORMING ORGANS
B05AA05,dextran,Blood substitutes and plasma protein fractions,BLOOD AND RELATED PRODUCTS,BLOOD SUBSTITUTES AND PERFUSION SOLUTIONS,BLOOD AND BLOOD FORMING ORGANS
B05BA01,amino acids,Solutions for parenteral nutrition,I.V. SOLUTIONS,BLOOD SUBSTITUTES AND PERFUSION SOLUTIONS,BLOOD AND BLOOD FORMING ORGANS
C07AB04,acebutolol,"Beta blocking agents, selective",BETA BLOCKING AGENTS,BETA BLOCKING AGENTS,CARDIOVASCULAR SYSTEM
C10AA02,lovastatin,HMG CoA reductase inhibitors,"LIPID MODIFYING AGENTS, PLAIN",LIPID MODIFYING AGENTS,CARDIOVASCULAR SYSTEM
C10AX06,omega-3-triglycerides incl. other esters and acids,Other lipid modifying agents,"LIPID MODIFYING AGENTS, PLAIN",LIPID MODIFYING AGENTS,CARDIOVASCULAR SYSTEM
D04AA32,diphenhydramine,Antihistamines for topical use,"ANTIPRURITICS, INCL. ANTIHISTAMINES, ANESTHETICS, ETC.","ANTIPRURITICS, INCL. ANTIHISTAMINES, ANESTHETICS, ETC.",DERMATOLOGICALS
G03CX00,estrogens,Other estrogens,ESTROGENS,SEX HORMONES AND MODULATORS OF THE GENITAL SYSTEM,GENITO URINARY SYSTEM AND SEX HORMONES
G03GA01,chorionic gonadotropin,Gonadotropins,GONADOTROPINS AND OTHER OVULATION STIMULANTS,SEX HORMONES AND MODULATORS OF THE GENITAL SYSTEM,GENITO URINARY SYSTEM AND SEX HORMONES
J01CF06,nafcillin,Beta-lactamase resistant penicillins,"BETA-LACTAM ANTIBACTERIALS, PENICILLINS",ANTIBACTERIALS FOR SYSTEMIC USE,ANTIINFECTIVES FOR SYSTEMIC USE
J01DC02,cefuroxime,Second-generation cephalosporins,OTHER BETA-LACTAM ANTIBACTERIALS,ANTIBACTERIALS FOR SYSTEMIC USE,ANTIINFECTIVES FOR SYSTEMIC USE
J01GB06,amikacin,Other aminoglycosides,AMINOGLYCOSIDE ANTIBACTERIALS,ANTIBACTERIALS FOR SYSTEMIC USE,ANTIINFECTIVES FOR SYSTEMIC USE
J01MA02,ciprofloxacin,Fluoroquinolones,QUINOLONE ANTIBACTERIALS,ANTIBACTERIALS FOR SYSTEMIC USE,ANTIINFECTIVES FOR SYSTEMIC USE
L04AD01,ciclosporin,Calcineurin inhibitors,IMMUNOSUPPRESSANTS,IMMUNOSUPPRESSANTS,ANTINEOPLASTIC AND IMMUNOMODULATING AGENTS
M01AX01,nabumetone,"Other antiinflammatory and antirheumatic agents, non-steroids","ANTIINFLAMMATORY AND ANTIRHEUMATIC PRODUCTS, NON-STEROIDS",ANTIINFLAMMATORY AND ANTIRHEUMATIC PRODUCTS,MUSCULO-SKELETAL SYSTEM
M03BC01,orphenadrine,"Ethers, chemically close to antihistamines","MUSCLE RELAXANTS, CENTRALLY ACTING AGENTS",MUSCLE RELAXANTS,MUSCULO-SKELETAL SYSTEM
N02AA08,dihydrocodeine,Natural opium alkaloids,OPIOIDS,ANALGESICS,NERVOUS SYSTEM
N02AX00,propoxyphene,Other opioids,OPIOIDS,ANALGESICS,NERVOUS SYSTEM
N02BA04,sodium salicylate,Salicylic acid and derivatives,OTHER ANALGESICS AND ANTIPYRETICS,ANALGESICS,NERVOUS SYSTEM
N02BA05,salicylamide,Salicylic acid and derivatives,OTHER ANALGESICS AND ANTIPYRETICS,ANALGESICS,NERVOUS SYSTEM
N02BE01,acetaminophen,Anilides,OTHER ANALGESICS AND ANTIPYRETICS,ANALGESICS,NERVOUS SYSTEM
N02CA02,ergotamine,Ergot alkaloids,ANTIMIGRAINE PREPARATIONS,ANALGESICS,NERVOUS SYSTEM
N03AA02,phenobarbital,Barbiturates and derivatives,ANTIEPILEPTICS,ANTIEPILEPTICS,NERVOUS SYSTEM
N03AF01,carbamazepine,Carboxamide derivatives,ANTIEPILEPTICS,ANTIEPILEPTICS,NERVOUS SYSTEM
N05AA01,chlorpromazine,Phenothiazines with aliphatic side-chain,ANTIPSYCHOTICS,PSYCHOLEPTICS,NERVOUS SYSTEM
N05AA02,levomepromazine,Phenothiazines with aliphatic side-chain,ANTIPSYCHOTICS,PSYCHOLEPTICS,NERVOUS SYSTEM
N05AA03,promazine,Phenothiazines with aliphatic side-chain,ANTIPSYCHOTICS,PSYCHOLEPTICS,NERVOUS SYSTEM
N05AA04,acepromazine,Phenothiazines with aliphatic side-chain,ANTIPSYCHOTICS,PSYCHOLEPTICS,NERVOUS SYSTEM
N05AA05,triflupromazine,Phenothiazines with aliphatic side-chain,ANTIPSYCHOTICS,PSYCHOLEPTICS,NERVOUS SYSTEM
N05AA06,cyamemazine,Phenothiazines with aliphatic side-chain,ANTIPSYCHOTICS,PSYCHOLEPTICS,NERVOUS SYSTEM
N05AA07,chlorproethazine,Phenothiazines with aliphatic side-chain,ANTIPSYCHOTICS,PSYCHOLEPTICS,NERVOUS SYSTEM
N05AB01,dixyrazine,Phenothiazines with piperazine structure,ANTIPSYCHOTICS,PSYCHOLEPTICS,NERVOUS SYSTEM
N05AB02,fluphenazine,Phenothiazines with piperazine structure,ANTIPSYCHOTICS,PSYCHOLEPTICS,NERVOUS SYSTEM
N05AB03,perphenazine,Phenothiazines with piperazine structure,ANTIPSYCHOTICS,PSYCHOLEPTICS,NERVOUS SYSTEM
N05AB04,prochlorperazine,Phenothiazines with piperazine structure,ANTIPSYCHOTICS,PSYCHOLEPTICS,NERVOUS SYSTEM
N05AB05,thiopropazate,Phenothiazines with piperazine structure,ANTIPSYCHOTICS,PSYCHOLEPTICS,NERVOUS SYSTEM
N05AB06,trifluoperazine,Phenothiazines with piperazine structure,ANTIPSYCHOTICS,PSYCHOLEPTICS,NERVOUS SYSTEM
N05AB07,acetophenazine,Phenothiazines with piperazine structure,ANTIPSYCHOTICS,PSYCHOLEPTICS,NERVOUS SYSTEM
N05AB08,thioproperazine,Phenothiazines with piperazine structure,ANTIPSYCHOTICS,PSYCHOLEPTICS,NERVOUS SYSTEM
N05AB09,butaperazine,Phenothiazines with piperazine structure,ANTIPSYCHOTICS,PSYCHOLEPTICS,NERVOUS SYSTEM
N05AB10,perazine,Phenothiazines with piperazine structure,ANTIPSYCHOTICS,PSYCHOLEPTICS,NERVOUS SYSTEM
N05AC01,periciazine,Phenothiazines with piperidine structure,ANTIPSYCHOTICS,PSYCHOLEPTICS,NERVOUS SYSTEM
N05AC02,thioridazine,Phenothiazines with piperidine structure,ANTIPSYCHOTICS,PSYCHOLEPTICS,NERVOUS SYSTEM
N05AC03,mesoridazine,Phenothiazines with piperidine structure,ANTIPSYCHOTICS,PSYCHOLEPTICS,NERVOUS SYSTEM
N05AC04,pipotiazine,Phenothiazines with piperidine structure,ANTIPSYCHOTICS,PSYCHOLEPTICS,NERVOUS SYSTEM
N05AD01,haloperidol,Butyrophenone derivatives,ANTIPSYCHOTICS,PSYCHOLEPTICS,NERVOUS SYSTEM
N05AD02,trifluperidol,Butyrophenone derivatives,ANTIPSYCHOTICS,PSYCHOLEPTICS,NERVOUS SYSTEM
N05AD03,melperone,Butyrophenone derivatives,ANTIPSYCHOTICS,PSYCHOLEPTICS,NERVOUS SYSTEM
N05AD04,moperone,Butyrophenone derivatives,ANTIPSYCHOTICS,PSYCHOLEPTICS,NERVOUS SYSTEM
N05AD05,pipamperone,Butyrophenone derivatives,ANTIPSYCHOTICS,PSYCHOLEPTICS,NERVOUS SYSTEM
N05AD06,bromperidol,Butyrophenone derivatives,ANTIPSYCHOTICS,PSYCHOLEPTICS,NERVOUS SYSTEM
N05AD07,benperidol,Butyrophenone derivatives,ANTIPSYCHOTICS,PSYCHOLEPTICS,NERVOUS SYSTEM
N05AD08,droperidol,Butyrophenone derivatives,ANTIPSYCHOTICS,PSYCHOLEPTICS,NERVOUS SYSTEM
N05AD09,fluanisone,Butyrophenone derivatives,ANTIPSYCHOTICS,PSYCHOLEPTICS,NERVOUS SYSTEM
N05AD10,lumateperone,Butyrophenone derivatives,ANTIPSYCHOTICS,PSYCHOLEPTICS,NERVOUS SYSTEM
N05AE01,oxypertine,Indole derivatives,ANTIPSYCHOTICS,PSYCHOLEPTICS,NERVOUS SYSTEM
N05AE02,molindone,Indole derivatives,ANTIPSYCHOTICS,PSYCHOLEPTICS,NERVOUS SYSTEM
N05AE03,sertindole,Indole derivatives,ANTIPSYCHOTICS,PSYCHOLEPTICS,NERVOUS SYSTEM
N05AE04,ziprasidone,Indole derivatives,ANTIPSYCHOTICS,PSYCHOLEPTICS,NERVOUS SYSTEM
N05AE05,lurasidone,Indole derivatives,ANTIPSYCHOTICS,PSYCHOLEPTICS,NERVOUS SYSTEM
N05AF01,flupentixol,Thioxanthene derivatives,ANTIPSYCHOTICS,PSYCHOLEPTICS,NERVOUS SYSTEM
N05AF02,clopenthixol,Thioxanthene derivatives,ANTIPSYCHOTICS,PSYCHOLEPTICS,NERVOUS SYSTEM
N05AF03,chlorprothixene,Thioxanthene derivatives,ANTIPSYCHOTICS,PSYCHOLEPTICS,NERVOUS SYSTEM
N05AF04,tiotixene,Thioxanthene derivatives,ANTIPSYCHOTICS,PSYCHOLEPTICS,NERVOUS SYSTEM
N05AF05,zuclopenthixol,Thioxanthene derivatives,ANTIPSYCHOTICS,PSYCHOLEPTICS,NERVOUS SYSTEM
N05AG01,fluspirilene,Diphenylbutylpiperidine derivatives,ANTIPSYCHOTICS,PSYCHOLEPTICS,NERVOUS SYSTEM
N05AG02,pimozide,Diphenylbutylpiperidine derivatives,ANTIPSYCHOTICS,PSYCHOLEPTICS,NERVOUS SYSTEM
N05AG03,penfluridol,Diphenylbutylpiperidine derivatives,ANTIPSYCHOTICS,PSYCHOLEPTICS,NERVOUS SYSTEM
N05AH01,loxapine,"Diazepines, oxazepines, thiazepines and oxepines",ANTIPSYCHOTICS,PSYCHOLEPTICS,NERVOUS SYSTEM
N05AH02,clozapine,"Diazepines, oxazepines, thiazepines and oxepines",ANTIPSYCHOTICS,PSYCHOLEPTICS,NERVOUS SYSTEM
N05AH03,olanzapine,"Diazepines, oxazepines, thiazepines and oxepines",ANTIPSYCHOTICS,PSYCHOLEPTICS,NERVOUS SYSTEM
N05AH04,quetiapine,"Diazepines, oxazepines, thiazepines and oxepines",ANTIPSYCHOTICS,PSYCHOLEPTICS,NERVOUS SYSTEM
N05AH05,asenapine,"Diazepines, oxazepines, thiazepines and oxepines",ANTIPSYCHOTICS,PSYCHOLEPTICS,NERVOUS SYSTEM
N05AH06,clotiapine,"Diazepines, oxazepines, thiazepines and oxepines",ANTIPSYCHOTICS,PSYCHOLEPTICS,NERVOUS SYSTEM
N05AH53,olanzapine and samidorphan,"Diazepines, oxazepines, thiazepines and oxepines",ANTIPSYCHOTICS,PSYCHOLEPTICS,NERVOUS SYSTEM
N05AH53,samidorphan,"Diazepines, oxazepines, thiazepines and oxepines",ANTIPSYCHOTICS,PSYCHOLEPTICS,NERVOUS SYSTEM
N05AL01,sulpiride,Benzamides,ANTIPSYCHOTICS,PSYCHOLEPTICS,NERVOUS SYSTEM
N05AL02,sultopride,Benzamides,ANTIPSYCHOTICS,PSYCHOLEPTICS,NERVOUS SYSTEM
N05AL03,tiapride,Benzamides,ANTIPSYCHOTICS,PSYCHOLEPTICS,NERVOUS SYSTEM
N05AL04,remoxipride,Benzamides,ANTIPSYCHOTICS,PSYCHOLEPTICS,NERVOUS SYSTEM
N05AL05,amisulpride,Benzamides,ANTIPSYCHOTICS,PSYCHOLEPTICS,NERVOUS SYSTEM
N05AL06,veralipride,Benzamides,ANTIPSYCHOTICS,PSYCHOLEPTICS,NERVOUS SYSTEM
N05AL07,levosulpiride,Benzamides,ANTIPSYCHOTICS,PSYCHOLEPTICS,NERVOUS SYSTEM
N05AN01,lithium,Lithium,ANTIPSYCHOTICS,PSYCHOLEPTICS,NERVOUS SYSTEM
N05AX07,prothipendyl,Other antipsychotics,ANTIPSYCHOTICS,PSYCHOLEPTICS,NERVOUS SYSTEM
N05AX08,risperidone,Other antipsychotics,ANTIPSYCHOTICS,PSYCHOLEPTICS,NERVOUS SYSTEM
N05AX10,mosapramine,Other antipsychotics,ANTIPSYCHOTICS,PSYCHOLEPTICS,NERVOUS SYSTEM
N05AX11,zotepine,Other antipsychotics,ANTIPSYCHOTICS,PSYCHOLEPTICS,NERVOUS SYSTEM
N05AX12,aripiprazole,Other antipsychotics,ANTIPSYCHOTICS,PSYCHOLEPTICS,NERVOUS SYSTEM
N05AX13,paliperidone,Other antipsychotics,ANTIPSYCHOTICS,PSYCHOLEPTICS,NERVOUS SYSTEM
N05AX14,iloperidone,Other antipsychotics,ANTIPSYCHOTICS,PSYCHOLEPTICS,NERVOUS SYSTEM
N05AX15,cariprazine,Other antipsychotics,ANTIPSYCHOTICS,PSYCHOLEPTICS,NERVOUS SYSTEM
N05AX16,brexpiprazole,Other antipsychotics,ANTIPSYCHOTICS,PSYCHOLEPTICS,NERVOUS SYSTEM
N05AX17,pimavanserin,Other antipsychotics,ANTIPSYCHOTICS,PSYCHOLEPTICS,NERVOUS SYSTEM
N05BA01,diazepam,Benzodiazepine derivatives,ANXIOLYTICS,PSYCHOLEPTICS,NERVOUS SYSTEM
N05BA02,chlordiazepoxide,Benzodiazepine derivatives,ANXIOLYTICS,PSYCHOLEPTICS,NERVOUS SYSTEM
N05BA03,medazepam,Benzodiazepine derivatives,ANXIOLYTICS,PSYCHOLEPTICS,NERVOUS SYSTEM
N05BA04,oxazepam,Benzodiazepine derivatives,ANXIOLYTICS,PSYCHOLEPTICS,NERVOUS SYSTEM
N05BA05,potassium clorazepate,Benzodiazepine derivatives,ANXIOLYTICS,PSYCHOLEPTICS,NERVOUS SYSTEM
N05BA06,lorazepam,Benzodiazepine derivatives,ANXIOLYTICS,PSYCHOLEPTICS,NERVOUS SYSTEM
N05BA07,adinazolam,Benzodiazepine derivatives,ANXIOLYTICS,PSYCHOLEPTICS,NERVOUS SYSTEM
N05BA08,bromazepam,Benzodiazepine derivatives,ANXIOLYTICS,PSYCHOLEPTICS,NERVOUS SYSTEM
N05BA09,clobazam,Benzodiazepine derivatives,ANXIOLYTICS,PSYCHOLEPTICS,NERVOUS SYSTEM
N05BA10,ketazolam,Benzodiazepine derivatives,ANXIOLYTICS,PSYCHOLEPTICS,NERVOUS SYSTEM
N05BA11,prazepam,Benzodiazepine derivatives,ANXIOLYTICS,PSYCHOLEPTICS,NERVOUS SYSTEM
N05BA12,alprazolam,Benzodiazepine derivatives,ANXIOLYTICS,PSYCHOLEPTICS,NERVOUS SYSTEM
N05BA13,halazepam,Benzodiazepine derivatives,ANXIOLYTICS,PSYCHOLEPTICS,NERVOUS SYSTEM
N05BA14,pinazepam,Benzodiazepine derivatives,ANXIOLYTICS,PSYCHOLEPTICS,NERVOUS SYSTEM
N05BA15,camazepam,Benzodiazepine derivatives,ANXIOLYTICS,PSYCHOLEPTICS,NERVOUS SYSTEM
N05BA16,nordazepam,Benzodiazepine derivatives,ANXIOLYTICS,PSYCHOLEPTICS,NERVOUS SYSTEM
N05BA17,fludiazepam,Benzodiazepine derivatives,ANXIOLYTICS,PSYCHOLEPTICS,NERVOUS SYSTEM
N05BA18,ethyl loflazepate,Benzodiazepine derivatives,ANXIOLYTICS,PSYCHOLEPTICS,NERVOUS SYSTEM
N05BA19,etizolam,Benzodiazepine derivatives,ANXIOLYTICS,PSYCHOLEPTICS,NERVOUS SYSTEM
N05BA21,clotiazepam,Benzodiazepine derivatives,ANXIOLYTICS,PSYCHOLEPTICS,NERVOUS SYSTEM
N05BA22,cloxazolam,Benzodiazepine derivatives,ANXIOLYTICS,PSYCHOLEPTICS,NERVOUS SYSTEM
N05BA23,tofisopam,Benzodiazepine derivatives,ANXIOLYTICS,PSYCHOLEPTICS,NERVOUS SYSTEM
N05BA24,bentazepam,Benzodiazepine derivatives,ANXIOLYTICS,PSYCHOLEPTICS,NERVOUS SYSTEM
N05BA25,mexazolam,Benzodiazepine derivatives,ANXIOLYTICS,PSYCHOLEPTICS,NERVOUS SYSTEM
N05BA56,"lorazepam, combinations",Benzodiazepine derivatives,ANXIOLYTICS,PSYCHOLEPTICS,NERVOUS SYSTEM
N05BB01,hydroxyzine,Diphenylmethane derivatives,ANXIOLYTICS,PSYCHOLEPTICS,NERVOUS SYSTEM
N05BB02,captodiame,Diphenylmethane derivatives,ANXIOLYTICS,PSYCHOLEPTICS,NERVOUS SYSTEM
N05BB51,"hydroxyzine, combinations",Diphenylmethane derivatives,ANXIOLYTICS,PSYCHOLEPTICS,NERVOUS SYSTEM
N05BC01,meprobamate,Carbamates,ANXIOLYTICS,PSYCHOLEPTICS,NERVOUS SYSTEM
N05BC03,emylcamate,Carbamates,ANXIOLYTICS,PSYCHOLEPTICS,NERVOUS SYSTEM
N05BC04,mebutamate,Carbamates,ANXIOLYTICS,PSYCHOLEPTICS,NERVOUS SYSTEM
N05BC51,"meprobamate, combinations",Carbamates,ANXIOLYTICS,PSYCHOLEPTICS,NERVOUS SYSTEM
N05BD01,benzoctamine,Dibenzo-bicyclo-octadiene derivatives,ANXIOLYTICS,PSYCHOLEPTICS,NERVOUS SYSTEM
N05BE01,buspirone,Azaspirodecanedione derivatives,ANXIOLYTICS,PSYCHOLEPTICS,NERVOUS SYSTEM
N05BX01,mephenoxalone,Other anxiolytics,ANXIOLYTICS,PSYCHOLEPTICS,NERVOUS SYSTEM
N05BX02,gedocarnil,Other anxiolytics,ANXIOLYTICS,PSYCHOLEPTICS,NERVOUS SYSTEM
N05BX03,etifoxine,Other anxiolytics,ANXIOLYTICS,PSYCHOLEPTICS,NERVOUS SYSTEM
N05BX04,fabomotizole,Other anxiolytics,ANXIOLYTICS,PSYCHOLEPTICS,NERVOUS SYSTEM
N05BX05,lavandulae aetheroleum,Other anxiolytics,ANXIOLYTICS,PSYCHOLEPTICS,NERVOUS SYSTEM
N05CA01,pentobarbital,"Barbiturates, plain",HYPNOTICS AND SEDATIVES,PSYCHOLEPTICS,NERVOUS SYSTEM
N05CA02,amobarbital,"Barbiturates, plain",HYPNOTICS AND SEDATIVES,PSYCHOLEPTICS,NERVOUS SYSTEM
N05CA03,butobarbital,"Barbiturates, plain",HYPNOTICS AND SEDATIVES,PSYCHOLEPTICS,NERVOUS SYSTEM
N05CA04,barbital,"Barbiturates, plain",HYPNOTICS AND SEDATIVES,PSYCHOLEPTICS,NERVOUS SYSTEM
N05CA05,aprobarbital,"Barbiturates, plain",HYPNOTICS AND SEDATIVES,PSYCHOLEPTICS,NERVOUS SYSTEM
N05CA06,secobarbital,"Barbiturates, plain",HYPNOTICS AND SEDATIVES,PSYCHOLEPTICS,NERVOUS SYSTEM
N05CA07,butalbital,"Barbiturates, plain",HYPNOTICS AND SEDATIVES,PSYCHOLEPTICS,NERVOUS SYSTEM
N05CA08,vinylbital,"Barbiturates, plain",HYPNOTICS AND SEDATIVES,PSYCHOLEPTICS,NERVOUS SYSTEM
N05CA09,vinbarbital,"Barbiturates, plain",HYPNOTICS AND SEDATIVES,PSYCHOLEPTICS,NERVOUS SYSTEM
N05CA10,cyclobarbital,"Barbiturates, plain",HYPNOTICS AND SEDATIVES,PSYCHOLEPTICS,NERVOUS SYSTEM
N05CA11,heptabarbital,"Barbiturates, plain",HYPNOTICS AND SEDATIVES,PSYCHOLEPTICS,NERVOUS SYSTEM
N05CA12,reposal,"Barbiturates, plain",HYPNOTICS AND SEDATIVES,PSYCHOLEPTICS,NERVOUS SYSTEM
N05CA15,methohexital,"Barbiturates, plain",HYPNOTICS AND SEDATIVES,PSYCHOLEPTICS,NERVOUS SYSTEM
N05CA16,hexobarbital,"Barbiturates, plain",HYPNOTICS AND SEDATIVES,PSYCHOLEPTICS,NERVOUS SYSTEM
N05CA19,thiopental,"Barbiturates, plain",HYPNOTICS AND SEDATIVES,PSYCHOLEPTICS,NERVOUS SYSTEM
N05CA20,etallobarbital,"Barbiturates, plain",HYPNOTICS AND SEDATIVES,PSYCHOLEPTICS,NERVOUS SYSTEM
N05CA21,allobarbital,"Barbiturates, plain",HYPNOTICS AND SEDATIVES,PSYCHOLEPTICS,NERVOUS SYSTEM
N05CA22,proxibarbal,"Barbiturates, plain",HYPNOTICS AND SEDATIVES,PSYCHOLEPTICS,NERVOUS SYSTEM
N05CB01,combinations of barbiturates,"Barbiturates, combinations",HYPNOTICS AND SEDATIVES,PSYCHOLEPTICS,NERVOUS SYSTEM
N05CB02,barbiturates in combination with other drugs,"Barbiturates, combinations",HYPNOTICS AND SEDATIVES,PSYCHOLEPTICS,NERVOUS SYSTEM
N05CC01,chloral hydrate,Aldehydes and derivatives,HYPNOTICS AND SEDATIVES,PSYCHOLEPTICS,NERVOUS SYSTEM
N05CC02,chloralodol,Aldehydes and derivatives,HYPNOTICS AND SEDATIVES,PSYCHOLEPTICS,NERVOUS SYSTEM
N05CC03,acetylglycinamide chloral hydrate,Aldehydes and derivatives,HYPNOTICS AND SEDATIVES,PSYCHOLEPTICS,NERVOUS SYSTEM
N05CC04,dichloralphenazone,Aldehydes and derivatives,HYPNOTICS AND SEDATIVES,PSYCHOLEPTICS,NERVOUS SYSTEM
N05CC05,paraldehyde,Aldehydes and derivatives,HYPNOTICS AND SEDATIVES,PSYCHOLEPTICS,NERVOUS SYSTEM
N05CD01,flurazepam,Benzodiazepine derivatives,HYPNOTICS AND SEDATIVES,PSYCHOLEPTICS,NERVOUS SYSTEM
N05CD02,nitrazepam,Benzodiazepine derivatives,HYPNOTICS AND SEDATIVES,PSYCHOLEPTICS,NERVOUS SYSTEM
N05CD03,flunitrazepam,Benzodiazepine derivatives,HYPNOTICS AND SEDATIVES,PSYCHOLEPTICS,NERVOUS SYSTEM
N05CD04,estazolam,Benzodiazepine derivatives,HYPNOTICS AND SEDATIVES,PSYCHOLEPTICS,NERVOUS SYSTEM
N05CD05,triazolam,Benzodiazepine derivatives,HYPNOTICS AND SEDATIVES,PSYCHOLEPTICS,NERVOUS SYSTEM
N05CD06,lormetazepam,Benzodiazepine derivatives,HYPNOTICS AND SEDATIVES,PSYCHOLEPTICS,NERVOUS SYSTEM
N05CD07,temazepam,Benzodiazepine derivatives,HYPNOTICS AND SEDATIVES,PSYCHOLEPTICS,NERVOUS SYSTEM
N05CD08,midazolam,Benzodiazepine derivatives,HYPNOTICS AND SEDATIVES,PSYCHOLEPTICS,NERVOUS SYSTEM
N05CD09,brotizolam,Benzodiazepine derivatives,HYPNOTICS AND SEDATIVES,PSYCHOLEPTICS,NERVOUS SYSTEM
N05CD10,quazepam,Benzodiazepine derivatives,HYPNOTICS AND SEDATIVES,PSYCHOLEPTICS,NERVOUS SYSTEM
N05CD11,loprazolam,Benzodiazepine derivatives,HYPNOTICS AND SEDATIVES,PSYCHOLEPTICS,NERVOUS SYSTEM
N05CD12,doxefazepam,Benzodiazepine derivatives,HYPNOTICS AND SEDATIVES,PSYCHOLEPTICS,NERVOUS SYSTEM
N05CD13,cinolazepam,Benzodiazepine derivatives,HYPNOTICS AND SEDATIVES,PSYCHOLEPTICS,NERVOUS SYSTEM
N05CD14,remimazolam,Benzodiazepine derivatives,HYPNOTICS AND SEDATIVES,PSYCHOLEPTICS,NERVOUS SYSTEM
N05CD15,nimetazepam,Benzodiazepine derivatives,HYPNOTICS AND SEDATIVES,PSYCHOLEPTICS,NERVOUS SYSTEM
N05CE01,glutethimide,Piperidinedione derivatives,HYPNOTICS AND SEDATIVES,PSYCHOLEPTICS,NERVOUS SYSTEM
N05CE02,methyprylon,Piperidinedione derivatives,HYPNOTICS AND SEDATIVES,PSYCHOLEPTICS,NERVOUS SYSTEM
N05CE03,pyrithyldione,Piperidinedione derivatives,HYPNOTICS AND SEDATIVES,PSYCHOLEPTICS,NERVOUS SYSTEM
N05CF01,zopiclone,Benzodiazepine related drugs,HYPNOTICS AND SEDATIVES,PSYCHOLEPTICS,NERVOUS SYSTEM
N05CF02,zolpidem,Benzodiazepine related drugs,HYPNOTICS AND SEDATIVES,PSYCHOLEPTICS,NERVOUS SYSTEM
N05CF03,zaleplon,Benzodiazepine related drugs,HYPNOTICS AND SEDATIVES,PSYCHOLEPTICS,NERVOUS SYSTEM
N05CF04,eszopiclone,Benzodiazepine related drugs,HYPNOTICS AND SEDATIVES,PSYCHOLEPTICS,NERVOUS SYSTEM
N05CH01,melatonin,Melatonin receptor agonists,HYPNOTICS AND SEDATIVES,PSYCHOLEPTICS,NERVOUS SYSTEM
N05CH02,ramelteon,Melatonin receptor agonists,HYPNOTICS AND SEDATIVES,PSYCHOLEPTICS,NERVOUS SYSTEM
N05CH03,tasimelteon,Melatonin receptor agonists,HYPNOTICS AND SEDATIVES,PSYCHOLEPTICS,NERVOUS SYSTEM
N05CJ01,suvorexant,Orexin receptor antagonists,HYPNOTICS AND SEDATIVES,PSYCHOLEPTICS,NERVOUS SYSTEM
N05CJ02,lemborexant,Orexin receptor antagonists,HYPNOTICS AND SEDATIVES,PSYCHOLEPTICS,NERVOUS SYSTEM
N05CJ03,daridorexant,Orexin receptor antagonists,HYPNOTICS AND SEDATIVES,PSYCHOLEPTICS,NERVOUS SYSTEM
N05CM00,chloralantipyrine,Other hypnotics and sedatives,HYPNOTICS AND SEDATIVES,PSYCHOLEPTICS,NERVOUS SYSTEM
N05CM00,dichloralantipyrine,Other hypnotics and sedatives,HYPNOTICS AND SEDATIVES,PSYCHOLEPTICS,NERVOUS SYSTEM
N05CM01,methaqualone,Other hypnotics and sedatives,HYPNOTICS AND SEDATIVES,PSYCHOLEPTICS,NERVOUS SYSTEM
N05CM02,clomethiazole,Other hypnotics and sedatives,HYPNOTICS AND SEDATIVES,PSYCHOLEPTICS,NERVOUS SYSTEM
N05CM03,bromisoval,Other hypnotics and sedatives,HYPNOTICS AND SEDATIVES,PSYCHOLEPTICS,NERVOUS SYSTEM
N05CM04,carbromal,Other hypnotics and sedatives,HYPNOTICS AND SEDATIVES,PSYCHOLEPTICS,NERVOUS SYSTEM
N05CM05,scopolamine,Other hypnotics and sedatives,HYPNOTICS AND SEDATIVES,PSYCHOLEPTICS,NERVOUS SYSTEM
N05CM06,propiomazine,Other hypnotics and sedatives,HYPNOTICS AND SEDATIVES,PSYCHOLEPTICS,NERVOUS SYSTEM
N05CM07,triclofos,Other hypnotics and sedatives,HYPNOTICS AND SEDATIVES,PSYCHOLEPTICS,NERVOUS SYSTEM
N05CM08,ethchlorvynol,Other hypnotics and sedatives,HYPNOTICS AND SEDATIVES,PSYCHOLEPTICS,NERVOUS SYSTEM
N05CM09,valerianae radix,Other hypnotics and sedatives,HYPNOTICS AND SEDATIVES,PSYCHOLEPTICS,NERVOUS SYSTEM
N05CM10,hexapropymate,Other hypnotics and sedatives,HYPNOTICS AND SEDATIVES,PSYCHOLEPTICS,NERVOUS SYSTEM
N05CM11,bromides,Other hypnotics and sedatives,HYPNOTICS AND SEDATIVES,PSYCHOLEPTICS,NERVOUS SYSTEM
N05CM12,apronal,Other hypnotics and sedatives,HYPNOTICS AND SEDATIVES,PSYCHOLEPTICS,NERVOUS SYSTEM
N05CM13,valnoctamide,Other hypnotics and sedatives,HYPNOTICS AND SEDATIVES,PSYCHOLEPTICS,NERVOUS SYSTEM
N05CM15,methylpentynol,Other hypnotics and sedatives,HYPNOTICS AND SEDATIVES,PSYCHOLEPTICS,NERVOUS SYSTEM
N05CM16,niaprazine,Other hypnotics and sedatives,HYPNOTICS AND SEDATIVES,PSYCHOLEPTICS,NERVOUS SYSTEM
N05CM18,dexmedetomidine,Other hypnotics and sedatives,HYPNOTICS AND SEDATIVES,PSYCHOLEPTICS,NERVOUS SYSTEM
N05CX01,"meprobamate, combinations","Hypnotics and sedatives in combination, excl. barbiturates",HYPNOTICS AND SEDATIVES,PSYCHOLEPTICS,NERVOUS SYSTEM
N05CX02,"methaqualone, combinations","Hypnotics and sedatives in combination, excl. barbiturates",HYPNOTICS AND SEDATIVES,PSYCHOLEPTICS,NERVOUS SYSTEM
N05CX03,"methylpentynol, combinations","Hypnotics and sedatives in combination, excl. barbiturates",HYPNOTICS AND SEDATIVES,PSYCHOLEPTICS,NERVOUS SYSTEM
N05CX04,"clomethiazole, combinations","Hypnotics and sedatives in combination, excl. barbiturates",HYPNOTICS AND SEDATIVES,PSYCHOLEPTICS,NERVOUS SYSTEM
N05CX05,"emepronium, combinations","Hypnotics and sedatives in combination, excl. barbiturates",HYPNOTICS AND SEDATIVES,PSYCHOLEPTICS,NERVOUS SYSTEM
N05CX06,"dipiperonylaminoethanol, combinations","Hypnotics and sedatives in combination, excl. barbiturates",HYPNOTICS AND SEDATIVES,PSYCHOLEPTICS,NERVOUS SYSTEM
N06AA01,desipramine,Non-selective monoamine reuptake inhibitors,ANTIDEPRESSANTS,PSYCHOANALEPTICS,NERVOUS SYSTEM
N06AA02,imipramine,Non-selective monoamine reuptake inhibitors,ANTIDEPRESSANTS,PSYCHOANALEPTICS,NERVOUS SYSTEM
N06AA03,imipramine oxide,Non-selective monoamine reuptake inhibitors,ANTIDEPRESSANTS,PSYCHOANALEPTICS,NERVOUS SYSTEM
N06AA04,clomipramine,Non-selective monoamine reuptake inhibitors,ANTIDEPRESSANTS,PSYCHOANALEPTICS,NERVOUS SYSTEM
N06AA05,opipramol,Non-selective monoamine reuptake inhibitors,ANTIDEPRESSANTS,PSYCHOANALEPTICS,NERVOUS SYSTEM
N06AA06,trimipramine,Non-selective monoamine reuptake inhibitors,ANTIDEPRESSANTS,PSYCHOANALEPTICS,NERVOUS SYSTEM
N06AA07,lofepramine,Non-selective monoamine reuptake inhibitors,ANTIDEPRESSANTS,PSYCHOANALEPTICS,NERVOUS SYSTEM
N06AA08,dibenzepin,Non-selective monoamine reuptake inhibitors,ANTIDEPRESSANTS,PSYCHOANALEPTICS,NERVOUS SYSTEM
N06AA09,amitriptyline,Non-selective monoamine reuptake inhibitors,ANTIDEPRESSANTS,PSYCHOANALEPTICS,NERVOUS SYSTEM
N06AA10,nortriptyline,Non-selective monoamine reuptake inhibitors,ANTIDEPRESSANTS,PSYCHOANALEPTICS,NERVOUS SYSTEM
N06AA11,protriptyline,Non-selective monoamine reuptake inhibitors,ANTIDEPRESSANTS,PSYCHOANALEPTICS,NERVOUS SYSTEM
N06AA12,doxepin,Non-selective monoamine reuptake inhibitors,ANTIDEPRESSANTS,PSYCHOANALEPTICS,NERVOUS SYSTEM
N06AA13,iprindole,Non-selective monoamine reuptake inhibitors,ANTIDEPRESSANTS,PSYCHOANALEPTICS,NERVOUS SYSTEM
N06AA14,melitracen,Non-selective monoamine reuptake inhibitors,ANTIDEPRESSANTS,PSYCHOANALEPTICS,NERVOUS SYSTEM
N06AA15,butriptyline,Non-selective monoamine reuptake inhibitors,ANTIDEPRESSANTS,PSYCHOANALEPTICS,NERVOUS SYSTEM
N06AA16,dosulepin,Non-selective monoamine reuptake inhibitors,ANTIDEPRESSANTS,PSYCHOANALEPTICS,NERVOUS SYSTEM
N06AA17,amoxapine,Non-selective monoamine reuptake inhibitors,ANTIDEPRESSANTS,PSYCHOANALEPTICS,NERVOUS SYSTEM
N06AA18,dimetacrine,Non-selective monoamine reuptake inhibitors,ANTIDEPRESSANTS,PSYCHOANALEPTICS,NERVOUS SYSTEM
N06AA19,amineptine,Non-selective monoamine reuptake inhibitors,ANTIDEPRESSANTS,PSYCHOANALEPTICS,NERVOUS SYSTEM
N06AA21,maprotiline,Non-selective monoamine reuptake inhibitors,ANTIDEPRESSANTS,PSYCHOANALEPTICS,NERVOUS SYSTEM
N06AA23,quinupramine,Non-selective monoamine reuptake inhibitors,ANTIDEPRESSANTS,PSYCHOANALEPTICS,NERVOUS SYSTEM
N06AB02,zimeldine,Selective serotonin reuptake inhibitors,ANTIDEPRESSANTS,PSYCHOANALEPTICS,NERVOUS SYSTEM
N06AB03,fluoxetine,Selective serotonin reuptake inhibitors,ANTIDEPRESSANTS,PSYCHOANALEPTICS,NERVOUS SYSTEM
N06AB04,citalopram,Selective serotonin reuptake inhibitors,ANTIDEPRESSANTS,PSYCHOANALEPTICS,NERVOUS SYSTEM
N06AB05,paroxetine,Selective serotonin reuptake inhibitors,ANTIDEPRESSANTS,PSYCHOANALEPTICS,NERVOUS SYSTEM
N06AB06,sertraline,Selective serotonin reuptake inhibitors,ANTIDEPRESSANTS,PSYCHOANALEPTICS,NERVOUS SYSTEM
N06AB07,alaproclate,Selective serotonin reuptake inhibitors,ANTIDEPRESSANTS,PSYCHOANALEPTICS,NERVOUS SYSTEM
N06AB08,fluvoxamine,Selective serotonin reuptake inhibitors,ANTIDEPRESSANTS,PSYCHOANALEPTICS,NERVOUS SYSTEM
N06AB09,etoperidone,Selective serotonin reuptake inhibitors,ANTIDEPRESSANTS,PSYCHOANALEPTICS,NERVOUS SYSTEM
N06AB10,escitalopram,Selective serotonin reuptake inhibitors,ANTIDEPRESSANTS,PSYCHOANALEPTICS,NERVOUS SYSTEM
N06AF01,isocarboxazid,"Monoamine oxidase inhibitors, non-selective",ANTIDEPRESSANTS,PSYCHOANALEPTICS,NERVOUS SYSTEM
N06AF02,nialamide,"Monoamine oxidase inhibitors, non-selective",ANTIDEPRESSANTS,PSYCHOANALEPTICS,NERVOUS SYSTEM
N06AF03,phenelzine,"Monoamine oxidase inhibitors, non-selective",ANTIDEPRESSANTS,PSYCHOANALEPTICS,NERVOUS SYSTEM
N06AF04,tranylcypromine,"Monoamine oxidase inhibitors, non-selective",ANTIDEPRESSANTS,PSYCHOANALEPTICS,NERVOUS SYSTEM
N06AF05,iproniazide,"Monoamine oxidase inhibitors, non-selective",ANTIDEPRESSANTS,PSYCHOANALEPTICS,NERVOUS SYSTEM
N06AF06,iproclozide,"Monoamine oxidase inhibitors, non-selective",ANTIDEPRESSANTS,PSYCHOANALEPTICS,NERVOUS SYSTEM
N06AX01,oxitriptan,Other antidepressants,ANTIDEPRESSANTS,PSYCHOANALEPTICS,NERVOUS SYSTEM
N06AX02,tryptophan,Other antidepressants,ANTIDEPRESSANTS,PSYCHOANALEPTICS,NERVOUS SYSTEM
N06AX03,mianserin,Other antidepressants,ANTIDEPRESSANTS,PSYCHOANALEPTICS,NERVOUS SYSTEM
N06AX04,nomifensine,Other antidepressants,ANTIDEPRESSANTS,PSYCHOANALEPTICS,NERVOUS SYSTEM
N06AX05,trazodone,Other antidepressants,ANTIDEPRESSANTS,PSYCHOANALEPTICS,NERVOUS SYSTEM
N06AX06,nefazodone,Other antidepressants,ANTIDEPRESSANTS,PSYCHOANALEPTICS,NERVOUS SYSTEM
N06AX07,minaprine,Other antidepressants,ANTIDEPRESSANTS,PSYCHOANALEPTICS,NERVOUS SYSTEM
N06AX08,bifemelane,Other antidepressants,ANTIDEPRESSANTS,PSYCHOANALEPTICS,NERVOUS SYSTEM
N06AX09,viloxazine,Other antidepressants,ANTIDEPRESSANTS,PSYCHOANALEPTICS,NERVOUS SYSTEM
N06AX10,oxaflozane,Other antidepressants,ANTIDEPRESSANTS,PSYCHOANALEPTICS,NERVOUS SYSTEM
N06AX11,mirtazapine,Other antidepressants,ANTIDEPRESSANTS,PSYCHOANALEPTICS,NERVOUS SYSTEM
N06AX12,bupropion,Other antidepressants,ANTIDEPRESSANTS,PSYCHOANALEPTICS,NERVOUS SYSTEM
N06AX13,medifoxamine,Other antidepressants,ANTIDEPRESSANTS,PSYCHOANALEPTICS,NERVOUS SYSTEM
N06AX14,tianeptine,Other antidepressants,ANTIDEPRESSANTS,PSYCHOANALEPTICS,NERVOUS SYSTEM
N06AX15,pivagabine,Other antidepressants,ANTIDEPRESSANTS,PSYCHOANALEPTICS,NERVOUS SYSTEM
N06AX16,venlafaxine,Other antidepressants,ANTIDEPRESSANTS,PSYCHOANALEPTICS,NERVOUS SYSTEM
N06AX17,milnacipran,Other antidepressants,ANTIDEPRESSANTS,PSYCHOANALEPTICS,NERVOUS SYSTEM
N06AX18,reboxetine,Other antidepressants,ANTIDEPRESSANTS,PSYCHOANALEPTICS,NERVOUS SYSTEM
N06AX19,gepirone,Other antidepressants,ANTIDEPRESSANTS,PSYCHOANALEPTICS,NERVOUS SYSTEM
N06AX21,duloxetine,Other antidepressants,ANTIDEPRESSANTS,PSYCHOANALEPTICS,NERVOUS SYSTEM
N06AX22,agomelatine,Other antidepressants,ANTIDEPRESSANTS,PSYCHOANALEPTICS,NERVOUS SYSTEM
N06AX23,desvenlafaxine,Other antidepressants,ANTIDEPRESSANTS,PSYCHOANALEPTICS,NERVOUS SYSTEM
N06AX24,vilazodone,Other antidepressants,ANTIDEPRESSANTS,PSYCHOANALEPTICS,NERVOUS SYSTEM
N06AX25,hyperici herba,Other antidepressants,ANTIDEPRESSANTS,PSYCHOANALEPTICS,NERVOUS SYSTEM
N06AX26,vortioxetine,Other antidepressants,ANTIDEPRESSANTS,PSYCHOANALEPTICS,NERVOUS SYSTEM
N06AX27,esketamine,Other antidepressants,ANTIDEPRESSANTS,PSYCHOANALEPTICS,NERVOUS SYSTEM
N06AX28,levomilnacipran,Other antidepressants,ANTIDEPRESSANTS,PSYCHOANALEPTICS,NERVOUS SYSTEM
N06AX29,brexanolone,Other antidepressants,ANTIDEPRESSANTS,PSYCHOANALEPTICS,NERVOUS SYSTEM
N06AX31,zuranolone,Other antidepressants,ANTIDEPRESSANTS,PSYCHOANALEPTICS,NERVOUS SYSTEM
N06AX62,bupropion and dextromethorphan,Other antidepressants,ANTIDEPRESSANTS,PSYCHOANALEPTICS,NERVOUS SYSTEM
N06BA01,amphetamine,Centrally acting sympathomimetics,"PSYCHOSTIMULANTS, AGENTS USED FOR ADHD AND NOOTROPICS",PSYCHOANALEPTICS,NERVOUS SYSTEM
N06BA02,dextroamphetamine,Centrally acting sympathomimetics,"PSYCHOSTIMULANTS, AGENTS USED FOR ADHD AND NOOTROPICS",PSYCHOANALEPTICS,NERVOUS SYSTEM
N06BA03,methamphetamine,Centrally acting sympathomimetics,"PSYCHOSTIMULANTS, AGENTS USED FOR ADHD AND NOOTROPICS",PSYCHOANALEPTICS,NERVOUS SYSTEM
N06BA04,methylphenidate,Centrally acting sympathomimetics,"PSYCHOSTIMULANTS, AGENTS USED FOR ADHD AND NOOTROPICS",PSYCHOANALEPTICS,NERVOUS SYSTEM
N06BA05,pemoline,Centrally acting sympathomimetics,"PSYCHOSTIMULANTS, AGENTS USED FOR ADHD AND NOOTROPICS",PSYCHOANALEPTICS,NERVOUS SYSTEM
N06BA06,fencamfamin,Centrally acting sympathomimetics,"PSYCHOSTIMULANTS, AGENTS USED FOR ADHD AND NOOTROPICS",PSYCHOANALEPTICS,NERVOUS SYSTEM
N06BA07,modafinil,Centrally acting sympathomimetics,"PSYCHOSTIMULANTS, AGENTS USED FOR ADHD AND NOOTROPICS",PSYCHOANALEPTICS,NERVOUS SYSTEM
N06BA08,fenozolone,Centrally acting sympathomimetics,"PSYCHOSTIMULANTS, AGENTS USED FOR ADHD AND NOOTROPICS",PSYCHOANALEPTICS,NERVOUS SYSTEM
N06BA09,atomoxetine,Centrally acting sympathomimetics,"PSYCHOSTIMULANTS, AGENTS USED FOR ADHD AND NOOTROPICS",PSYCHOANALEPTICS,NERVOUS SYSTEM
N06BA10,fenetylline,Centrally acting sympathomimetics,"PSYCHOSTIMULANTS, AGENTS USED FOR ADHD AND NOOTROPICS",PSYCHOANALEPTICS,NERVOUS SYSTEM
N06BA11,dexmethylphenidate,Centrally acting sympathomimetics,"PSYCHOSTIMULANTS, AGENTS USED FOR ADHD AND NOOTROPICS",PSYCHOANALEPTICS,NERVOUS SYSTEM
N06BA12,lisdexamfetamine,Centrally acting sympathomimetics,"PSYCHOSTIMULANTS, AGENTS USED FOR ADHD AND NOOTROPICS",PSYCHOANALEPTICS,NERVOUS SYSTEM
N06BA13,armodafinil,Centrally acting sympathomimetics,"PSYCHOSTIMULANTS, AGENTS USED FOR ADHD AND NOOTROPICS",PSYCHOANALEPTICS,NERVOUS SYSTEM
N06BA14,solriamfetol,Centrally acting sympathomimetics,"PSYCHOSTIMULANTS, AGENTS USED FOR ADHD AND NOOTROPICS",PSYCHOANALEPTICS,NERVOUS SYSTEM
N06BA15,dexmethylphenidate and serdexmethylphenidate,Centrally acting sympathomimetics,"PSYCHOSTIMULANTS, AGENTS USED FOR ADHD AND NOOTROPICS",PSYCHOANALEPTICS,NERVOUS SYSTEM
N06BA15,serdexmethylphenidate,Centrally acting sympathomimetics,"PSYCHOSTIMULANTS, AGENTS USED FOR ADHD AND NOOTROPICS",PSYCHOANALEPTICS,NERVOUS SYSTEM
N06BC01,caffeine,Xanthine derivatives,"PSYCHOSTIMULANTS, AGENTS USED FOR ADHD AND NOOTROPICS",PSYCHOANALEPTICS,NERVOUS SYSTEM
N06BC02,propentofylline,Xanthine derivatives,"PSYCHOSTIMULANTS, AGENTS USED FOR ADHD AND NOOTROPICS",PSYCHOANALEPTICS,NERVOUS SYSTEM
N06BX01,meclofenoxate,Other psychostimulants and nootropics,"PSYCHOSTIMULANTS, AGENTS USED FOR ADHD AND NOOTROPICS",PSYCHOANALEPTICS,NERVOUS SYSTEM
N06BX02,pyritinol,Other psychostimulants and nootropics,"PSYCHOSTIMULANTS, AGENTS USED FOR ADHD AND NOOTROPICS",PSYCHOANALEPTICS,NERVOUS SYSTEM
N06BX03,piracetam,Other psychostimulants and nootropics,"PSYCHOSTIMULANTS, AGENTS USED FOR ADHD AND NOOTROPICS",PSYCHOANALEPTICS,NERVOUS SYSTEM
N06BX04,deanol,Other psychostimulants and nootropics,"PSYCHOSTIMULANTS, AGENTS USED FOR ADHD AND NOOTROPICS",PSYCHOANALEPTICS,NERVOUS SYSTEM
N06BX05,fipexide,Other psychostimulants and nootropics,"PSYCHOSTIMULANTS, AGENTS USED FOR ADHD AND NOOTROPICS",PSYCHOANALEPTICS,NERVOUS SYSTEM
N06BX06,citicoline,Other psychostimulants and nootropics,"PSYCHOSTIMULANTS, AGENTS USED FOR ADHD AND NOOTROPICS",PSYCHOANALEPTICS,NERVOUS SYSTEM
N06BX07,oxiracetam,Other psychostimulants and nootropics,"PSYCHOSTIMULANTS, AGENTS USED FOR ADHD AND NOOTROPICS",PSYCHOANALEPTICS,NERVOUS SYSTEM
N06BX08,pirisudanol,Other psychostimulants and nootropics,"PSYCHOSTIMULANTS, AGENTS USED FOR ADHD AND NOOTROPICS",PSYCHOANALEPTICS,NERVOUS SYSTEM
N06BX09,linopirdine,Other psychostimulants and nootropics,"PSYCHOSTIMULANTS, AGENTS USED FOR ADHD AND NOOTROPICS",PSYCHOANALEPTICS,NERVOUS SYSTEM
N06BX10,nizofenone,Other psychostimulants and nootropics,"PSYCHOSTIMULANTS, AGENTS USED FOR ADHD AND NOOTROPICS",PSYCHOANALEPTICS,NERVOUS SYSTEM
N06BX11,aniracetam,Other psychostimulants and nootropics,"PSYCHOSTIMULANTS, AGENTS USED FOR ADHD AND NOOTROPICS",PSYCHOANALEPTICS,NERVOUS SYSTEM
N06BX12,acetylcarnitine,Other psychostimulants and nootropics,"PSYCHOSTIMULANTS, AGENTS USED FOR ADHD AND NOOTROPICS",PSYCHOANALEPTICS,NERVOUS SYSTEM
N06BX13,idebenone,Other psychostimulants and nootropics,"PSYCHOSTIMULANTS, AGENTS USED FOR ADHD AND NOOTROPICS",PSYCHOANALEPTICS,NERVOUS SYSTEM
N06BX14,prolintane,Other psychostimulants and nootropics,"PSYCHOSTIMULANTS, AGENTS USED FOR ADHD AND NOOTROPICS",PSYCHOANALEPTICS,NERVOUS SYSTEM
N06BX15,pipradrol,Other psychostimulants and nootropics,"PSYCHOSTIMULANTS, AGENTS USED FOR ADHD AND NOOTROPICS",PSYCHOANALEPTICS,NERVOUS SYSTEM
N06BX16,pramiracetam,Other psychostimulants and nootropics,"PSYCHOSTIMULANTS, AGENTS USED FOR ADHD AND NOOTROPICS",PSYCHOANALEPTICS,NERVOUS SYSTEM
N06BX17,adrafinil,Other psychostimulants and nootropics,"PSYCHOSTIMULANTS, AGENTS USED FOR ADHD AND NOOTROPICS",PSYCHOANALEPTICS,NERVOUS SYSTEM
N06BX18,vinpocetine,Other psychostimulants and nootropics,"PSYCHOSTIMULANTS, AGENTS USED FOR ADHD AND NOOTROPICS",PSYCHOANALEPTICS,NERVOUS SYSTEM
N06BX21,temgicoluril,Other psychostimulants and nootropics,"PSYCHOSTIMULANTS, AGENTS USED FOR ADHD AND NOOTROPICS",PSYCHOANALEPTICS,NERVOUS SYSTEM
N06BX22,phenibut,Other psychostimulants and nootropics,"PSYCHOSTIMULANTS, AGENTS USED FOR ADHD AND NOOTROPICS",PSYCHOANALEPTICS,NERVOUS SYSTEM
N06CA01,amitriptyline and psycholeptics,Antidepressants in combination with psycholeptics,PSYCHOLEPTICS AND PSYCHOANALEPTICS IN COMBINATION,PSYCHOANALEPTICS,NERVOUS SYSTEM
N06CA02,melitracen and psycholeptics,Antidepressants in combination with psycholeptics,PSYCHOLEPTICS AND PSYCHOANALEPTICS IN COMBINATION,PSYCHOANALEPTICS,NERVOUS SYSTEM
N06CA03,fluoxetine and psycholeptics,Antidepressants in combination with psycholeptics,PSYCHOLEPTICS AND PSYCHOANALEPTICS IN COMBINATION,PSYCHOANALEPTICS,NERVOUS SYSTEM
N06DA01,tacrine,Anticholinesterases,ANTI-DEMENTIA DRUGS,PSYCHOANALEPTICS,NERVOUS SYSTEM
N06DA02,donepezil,Anticholinesterases,ANTI-DEMENTIA DRUGS,PSYCHOANALEPTICS,NERVOUS SYSTEM
N06DA03,rivastigmine,Anticholinesterases,ANTI-DEMENTIA DRUGS,PSYCHOANALEPTICS,NERVOUS SYSTEM
N06DA04,galantamine,Anticholinesterases,ANTI-DEMENTIA DRUGS,PSYCHOANALEPTICS,NERVOUS SYSTEM
N06DA05,ipidacrine,Anticholinesterases,ANTI-DEMENTIA DRUGS,PSYCHOANALEPTICS,NERVOUS SYSTEM
N06DA52,donepezil and memantine,Anticholinesterases,ANTI-DEMENTIA DRUGS,PSYCHOANALEPTICS,NERVOUS SYSTEM
N06DA53,"donepezil, memantine and ginkgo folium",Anticholinesterases,ANTI-DEMENTIA DRUGS,PSYCHOANALEPTICS,NERVOUS SYSTEM
N06DX01,memantine,Other anti-dementia drugs,ANTI-DEMENTIA DRUGS,PSYCHOANALEPTICS,NERVOUS SYSTEM
N06DX02,ginkgo folium,Other anti-dementia drugs,ANTI-DEMENTIA DRUGS,PSYCHOANALEPTICS,NERVOUS SYSTEM
N06DX03,aducanumab,Other anti-dementia drugs,ANTI-DEMENTIA DRUGS,PSYCHOANALEPTICS,NERVOUS SYSTEM
N06DX04,lecanemab,Other anti-dementia drugs,ANTI-DEMENTIA DRUGS,PSYCHOANALEPTICS,NERVOUS SYSTEM
N06DX05,donanemab,Other anti-dementia drugs,ANTI-DEMENTIA DRUGS,PSYCHOANALEPTICS,NERVOUS SYSTEM
N06DX30,combinations,Other anti-dementia drugs,ANTI-DEMENTIA DRUGS,PSYCHOANALEPTICS,NERVOUS SYSTEM
N07BB04,naltrexone,Drugs used in alcohol dependence,DRUGS USED IN ADDICTIVE DISORDERS,OTHER NERVOUS SYSTEM DRUGS,NERVOUS SYSTEM
R01AA04,phenylephrine,"Sympathomimetics, plain",DECONGESTANTS AND OTHER NASAL PREPARATIONS FOR TOPICAL USE,NASAL PREPARATIONS,RESPIRATORY SYSTEM
R01BA52,pseudoephedrine,Sympathomimetics,NASAL DECONGESTANTS FOR SYSTEMIC USE,NASAL PREPARATIONS,RESPIRATORY SYSTEM
R03BB00,clidinium,Anticholinergics,"OTHER DRUGS FOR OBSTRUCTIVE AIRWAY DISEASES, INHALANTS",DRUGS FOR OBSTRUCTIVE AIRWAY DISEASES,RESPIRATORY SYSTEM
R03BB00,methscopolamine,Anticholinergics,"OTHER DRUGS FOR OBSTRUCTIVE AIRWAY DISEASES, INHALANTS",DRUGS FOR OBSTRUCTIVE AIRWAY DISEASES,RESPIRATORY SYSTEM
R03CC02,albuterol,Selective beta-2-adrenoreceptor agonists,ADRENERGICS FOR SYSTEMIC USE,DRUGS FOR OBSTRUCTIVE AIRWAY DISEASES,RESPIRATORY SYSTEM
R05DA04,codeine,Opium alkaloids and derivatives,"COUGH SUPPRESSANTS, EXCL. COMBINATIONS WITH EXPECTORANTS",COUGH AND COLD PREPARATIONS,RESPIRATORY SYSTEM
R05DA09,dextromethorphan,Opium alkaloids and derivatives,"COUGH SUPPRESSANTS, EXCL. COMBINATIONS WITH EXPECTORANTS",COUGH AND COLD PREPARATIONS,RESPIRATORY SYSTEM
R06AB04,chlorpheniramine,Substituted alkylamines,ANTIHISTAMINES FOR SYSTEMIC USE,ANTIHISTAMINES FOR SYSTEMIC USE,RESPIRATORY SYSTEM
R06AB05,pheniramine,Substituted alkylamines,ANTIHISTAMINES FOR SYSTEMIC USE,ANTIHISTAMINES FOR SYSTEMIC USE,RESPIRATORY SYSTEM
R06AX00,doxylamine,Other antihistamines for systemic use,ANTIHISTAMINES FOR SYSTEMIC USE,ANTIHISTAMINES FOR SYSTEMIC USE,RESPIRATORY SYSTEM
R06AX00,phenyltoloxamine citrate,Other antihistamines for systemic use,ANTIHISTAMINES FOR SYSTEMIC USE,ANTIHISTAMINES FOR SYSTEMIC USE,RESPIRATORY SYSTEM
R06AX00,pyrilamine,Other antihistamines for systemic use,ANTIHISTAMINES FOR SYSTEMIC USE,ANTIHISTAMINES FOR SYSTEMIC USE,RESPIRATORY SYSTEM
C03AA01,bendroflumethiazide,"Thiazides, plain","LOW-CEILING DIURETICS, THIAZIDES",DIURETICS,CARDIOVASCULAR SYSTEM
C03AA02,hydroflumethiazide,"Thiazides, plain","LOW-CEILING DIURETICS, THIAZIDES",DIURETICS,CARDIOVASCULAR SYSTEM
C03AA03,hydrochlorothiazide,"Thiazides, plain","LOW-CEILING DIURETICS, THIAZIDES",DIURETICS,CARDIOVASCULAR SYSTEM
C03AA04,chlorothiazide,"Thiazides, plain","LOW-CEILING DIURETICS, THIAZIDES",DIURETICS,CARDIOVASCULAR SYSTEM
C03AA05,polythiazide,"Thiazides, plain","LOW-CEILING DIURETICS, THIAZIDES",DIURETICS,CARDIOVASCULAR SYSTEM
C03AA06,trichlormethiazide,"Thiazides, plain","LOW-CEILING DIURETICS, THIAZIDES",DIURETICS,CARDIOVASCULAR SYSTEM
C03AA07,cyclopenthiazide,"Thiazides, plain","LOW-CEILING DIURETICS, THIAZIDES",DIURETICS,CARDIOVASCULAR SYSTEM
C03AA08,methyclothiazide,"Thiazides, plain","LOW-CEILING DIURETICS, THIAZIDES",DIURETICS,CARDIOVASCULAR SYSTEM
C03AA09,cyclothiazide,"Thiazides, plain","LOW-CEILING DIURETICS, THIAZIDES",DIURETICS,CARDIOVASCULAR SYSTEM
C03AA13,mebutizide,"Thiazides, plain","LOW-CEILING DIURETICS, THIAZIDES",DIURETICS,CARDIOVASCULAR SYSTEM
C03AB01,bendroflumethiazide and potassium,Thiazides and potassium in combination,"LOW-CEILING DIURETICS, THIAZIDES",DIURETICS,CARDIOVASCULAR SYSTEM
C03AB02,hydroflumethiazide and potassium,Thiazides and potassium in combination,"LOW-CEILING DIURETICS, THIAZIDES",DIURETICS,CARDIOVASCULAR SYSTEM
C03AB03,hydrochlorothiazide and potassium,Thiazides and potassium in combination,"LOW-CEILING DIURETICS, THIAZIDES",DIURETICS,CARDIOVASCULAR SYSTEM
C03AB04,chlorothiazide and potassium,Thiazides and potassium in combination,"LOW-CEILING DIURETICS, THIAZIDES",DIURETICS,CARDIOVASCULAR SYSTEM
C03AB05,polythiazide and potassium,Thiazides and potassium in combination,"LOW-CEILING DIURETICS, THIAZIDES",DIURETICS,CARDIOVASCULAR SYSTEM
C03AB06,trichlormethiazide and potassium,Thiazides and potassium in combination,"LOW-CEILING DIURETICS, THIAZIDES",DIURETICS,CARDIOVASCULAR SYSTEM
C03AB07,cyclopenthiazide and potassium,Thiazides and potassium in combination,"LOW-CEILING DIURETICS, THIAZIDES",DIURETICS,CARDIOVASCULAR SYSTEM
C03AB08,methyclothiazide and potassium,Thiazides and potassium in combination,"LOW-CEILING DIURETICS, THIAZIDES",DIURETICS,CARDIOVASCULAR SYSTEM
C03AB09,cyclothiazide and potassium,Thiazides and potassium in combination,"LOW-CEILING DIURETICS, THIAZIDES",DIURETICS,CARDIOVASCULAR SYSTEM
C03AH01,"chlorothiazide, combinations","Thiazides, combinations with psycholeptics and/or analgesics","LOW-CEILING DIURETICS, THIAZIDES",DIURETICS,CARDIOVASCULAR SYSTEM
C03AH02,"hydroflumethiazide, combinations","Thiazides, combinations with psycholeptics and/or analgesics","LOW-CEILING DIURETICS, THIAZIDES",DIURETICS,CARDIOVASCULAR SYSTEM
C03AX01,"hydrochlorothiazide, combinations","Thiazides, combinations with other drugs","LOW-CEILING DIURETICS, THIAZIDES",DIURETICS,CARDIOVASCULAR SYSTEM
C09CA03,valsartan,"Angiotensin II receptor blockers (ARBs), plain","ANGIOTENSIN II RECEPTOR BLOCKERS (ARBs), PLAIN",AGENTS ACTING ON THE RENIN-ANGIOTENSIN SYSTEM,CARDIOVASCULAR SYSTEM
C09AA03,lisinopril,"ACE inhibitors, plain","ACE INHIBITORS, PLAIN",AGENTS ACTING ON THE RENIN-ANGIOTENSIN SYSTEM,CARDIOVASCULAR SYSTEM
C09CA01,losartan,"Angiotensin II receptor blockers (ARBs), plain","ANGIOTENSIN II RECEPTOR BLOCKERS (ARBs), PLAIN",AGENTS ACTING ON THE RENIN-ANGIOTENSIN SYSTEM,CARDIOVASCULAR SYSTEM
C03DB02,triamterene,Other potassium-sparing agents,ALDOSTERONE ANTAGONISTS AND OTHER POTASSIUM-SPARING AGENTS,DIURETICS,CARDIOVASCULAR SYSTEM
C07AB02,metoprolol,"Beta blocking agents, selective",BETA BLOCKING AGENTS,BETA BLOCKING AGENTS,CARDIOVASCULAR SYSTEM
C09AA02,enalapril,"ACE inhibitors, plain","ACE INHIBITORS, PLAIN",AGENTS ACTING ON THE RENIN-ANGIOTENSIN SYSTEM,CARDIOVASCULAR SYSTEM
C09CA08,olmesartan medoxomil,"Angiotensin II receptor blockers (ARBs), plain","ANGIOTENSIN II RECEPTOR BLOCKERS (ARBs), PLAIN",AGENTS ACTING ON THE RENIN-ANGIOTENSIN SYSTEM,CARDIOVASCULAR SYSTEM
C09CA04,irbesartan,"Angiotensin II receptor blockers (ARBs), plain","ANGIOTENSIN II RECEPTOR BLOCKERS (ARBs), PLAIN",AGENTS ACTING ON THE RENIN-ANGIOTENSIN SYSTEM,CARDIOVASCULAR SYSTEM
C09CA06,candesartan,"Angiotensin II receptor blockers (ARBs), plain","ANGIOTENSIN II RECEPTOR BLOCKERS (ARBs), PLAIN",AGENTS ACTING ON THE RENIN-ANGIOTENSIN SYSTEM,CARDIOVASCULAR SYSTEM
C03DA01,spironolactone,Aldosterone antagonists,ALDOSTERONE ANTAGONISTS AND OTHER POTASSIUM-SPARING AGENTS,DIURETICS,CARDIOVASCULAR SYSTEM